Brand,Total,Releases,#1 Release
Marvel Comics,15806336901,69,Avengers: Endgame
Legendary Pictures,7018798067,56,Jurassic World
Lucasfilm,6325022918,39,Star Wars: Episode VII - The Force Awakens
Pixar,6078217662,28,Incredibles 2
DC Comics,5815645953,46,The Dark Knight
DreamWorks Animation,5792217737,41,Shrek 2
Vertigo Entertainment,3154664176,41,It
Bad Robot,3077078931,15,Star Wars: Episode VII - The Force Awakens
Walt Disney Animation Studios,2774912904,15,Frozen II
Illumination Entertainment,2759505881,13,The Secret Life of Pets
Blumhouse Productions,2451844676,49,Get Out
Hasbro,2079485824,17,Transformers: Revenge of the Fallen
Nickelodeon,1930746182,26,Teenage Mutant Ninja Turtles
Sony Pictures Animation,1918763863,21,Spider-Man: Into the Spider-Verse
Walden Media,1842852183,38,The Chronicles of Narnia: The Lion the Witch and the Wardrobe
Blue Sky,1740428763,13,Ice Age 3: Dawn of the Dinosaurs
Stephen King,1729648950,49,It
MTV,1520456359,36,The Longest Yard
Platinum Dunes,1422911399,19,Teenage Mutant Ninja Turtles
Saturday Night Live - Alumni Debuts,1023596031,30,Bridesmaids
Dark Horse Comics,947671338,16,300
Tim Burton-Johnny Depp,889955830,8,Alice in Wonderland
Warner Animation Group,786497181,8,The Lego Movie
Tyler Perry,765635362,16,Madea Goes to Jail
CBS Films,652824187,29,Scary Stories to Tell in the Dark
John Grisham,645661825,10,The Firm
Robert Ludlum,645459186,6,The Bourne Ultimatum
MonsterVerse,580145113,4,Godzilla
Hanna-Barbera,578586146,10,Scooby-Doo
Nicholas Sparks,574728259,11,The Notebook
Philip K. Dick,495237720,14,Minority Report
Dark Castle,454625110,16,Unknown
National Lampoon,436669213,21,National Lampoon's Animal House
Disney Channel,359952780,8,High School Musical 3: Senior Year
Roald Dahl,356238494,7,Charlie and the Chocolate Factory
Saturday Night Live,346533876,11,Wayne's World
DisneyToon Studios,337576791,8,Planes
Aardman,333777829,16,Chicken Run
Laika,300158323,6,Coraline
Alan Moore,276088604,4,Watchmen
Amazon Studios,204376048,43,Manchester by the Sea
Clive Barker,171686009,10,Candyman
Disneynature,151620585,8,Earth
Broken Lizard,73338237,5,Super Troopers 2
Studio Ghibli,70666453,26,The Secret World of Arrietty
